Fixed_Costs_Generation,Fixed_Costs_Storage,Fixed_Costs_Transmission,Variable_Costs,NSE_Costs,Total_Costs
3418.8251706663727,0.0,11.5053225,267.45446097252596,10.109375245691808,3707.894329384591
